,name,total_time (us),pct
52,GEMM,854374.6470000006,19.569042342303604
53,NonGEMM,3126573.588999966,71.61267151864404
54,SSM_Scan,385001.9830000004,8.818286139052365
