,name,total_time (us),pct
52,GEMM,854374.6470000006,21.461586445004148
53,NonGEMM,3126573.588999966,78.53841355499584
