,name,total_time (us),pct
52,GEMM,484438.92699999415,26.57079796874397
53,NonGEMM,1338761.5939999935,73.42920203125604
