,name,total_time (us),pct
52,GEMM,484438.92699999415,23.49984588221287
53,NonGEMM,1338761.5939999935,64.94253326596494
54,SSM_Scan,238255.24100000068,11.557620851822191
