,name,cpu_time (us),cuda_time (us),total_time (us),count
11,aten::matmul,197.5660000000317,13.344000000021596,210.9100000000533,10.0
18,aten::linear,27471.250999999917,200767.9810000011,228239.232000001,1970.0
24,aten::scaled_dot_product_attention,8423.914000000237,13836.79299999938,22260.706999999617,280.0
0,GEMM,36092.73100000019,214618.11800000048,250710.8490000007,
0,Inference,270013.657,256370.7199999991,526384.3769999992,
