,name,total_time (us),pct
27,GEMM,250710.8490000007,68.3744429813776
28,NonGEMM,115962.48399999764,31.62555701862239
29,SSM_Scan,0.0,0.0
