,name,total_time (us),pct
0,GEMM,250710.8490000007,68.3744429813776
1,SSM_Scan,0.0,0.0
2,activation,4588.039999999764,1.2512608873031368
3,logit_computation,0.0,0.0
4,nomralization,52978.31600000006,14.44836895188129
5,arithmetic,30796.689000000093,8.398944299557293
6,pooling,0.0,0.0
7,interpolation,0.0,0.0
8,embedding,301.9859999999668,0.08235832083266556
9,memory,27297.45299999777,7.444624559048011
10,roi,0.0,0.0
11,other,0.0,0.0
