,name,cpu_time (us),cuda_time (us),total_time (us),count
6,aten::matmul,2244.039999999959,15489.423000000104,17733.46300000006,240.0
11,aten::linear,153.2879999999832,10242.865999999996,10396.153999999977,10.0
0,GEMM,2397.327999999942,25732.2890000001,28129.61700000004,
0,Inference,81963.65599999999,58790.68700000008,140754.34300000005,
