,name,total_time (us),pct
13,GEMM,28129.61700000004,47.669673642158344
14,NonGEMM,30879.843000000103,52.33032635784166
