,name,total_time (us),pct
13,GEMM,28129.61700000004,23.534157785231784
14,NonGEMM,30879.843000000103,25.83508682486458
15,SSM_Scan,60517.30299999984,50.630755389903634
