,name,cpu_time (us),cuda_time (us),total_time (us),count
2,aten::embedding,258.452000000004,95.64800000000383,354.1000000000078,10.0
3,layernormfn,17606.68300000001,1717.0399999999202,19323.722999999933,250.0
4,aten::permute,441.8929999999901,0.0,441.8929999999901,480.0
5,aten::reshape,467.923000000068,0.0,467.923000000068,480.0
7,aten::to,5518.917999999937,1756.661000000085,7275.579000000022,720.0
8,aten::exp,1299.241000000029,249.4760000000523,1548.7170000000815,240.0
9,aten::neg,1222.9769999999908,244.93100000001263,1467.9080000000035,240.0
0,NonGEMM,26816.08700000003,4063.7560000000744,30879.843000000106,
0,Inference,81963.65599999999,58790.68700000008,140754.34300000005,
