,name,total_time (us),pct
0,GEMM,28129.61700000004,23.534157785231784
1,SSM_Scan,60517.30299999984,50.630755389903634
2,activation,0.0,0.0
3,logit_computation,0.0,0.0
4,nomralization,19323.722999999933,16.166858797974758
5,arithmetic,3016.625000000085,2.523807157732604
6,pooling,0.0,0.0
7,interpolation,0.0,0.0
8,embedding,354.1000000000078,0.29625164365909235
9,memory,8185.39500000008,6.848169225498127
10,roi,0.0,0.0
11,other,0.0,0.0
