,name,cpu_time (us),cuda_time (us),total_time (us),count
10,mambainnerfn,31522.660999999945,28994.6419999999,60517.30299999984,240.0
0,SSM_Scan,31522.660999999945,28994.6419999999,60517.30299999984,
0,Inference,81963.65599999999,58790.68700000008,140754.34300000005,
