,name,cpu_time (us),cuda_time (us),total_time (us),count
0,GEMM,2397.327999999942,25732.2890000001,28129.61700000004,
1,SSM_Scan,31522.660999999945,28994.6419999999,60517.30299999984,
2,activation,0.0,0.0,0.0,0.0
3,logit_computation,0.0,0.0,0.0,0.0
4,nomralization,17606.68300000001,1717.0399999999202,19323.722999999933,250.0
5,arithmetic,2522.21800000002,494.40700000006495,3016.625000000085,480.0
6,pooling,0.0,0.0,0.0,0.0
7,interpolation,0.0,0.0,0.0,0.0
8,embedding,258.452000000004,95.64800000000383,354.1000000000078,10.0
9,memory,6428.733999999995,1756.661000000085,8185.39500000008,1680.0
10,roi,0.0,0.0,0.0,0.0
11,other,0.0,0.0,0.0,0.0
