,name,total_time (us),pct
13,GEMM,18513.213000000047,37.80564726922114
14,NonGEMM,30456.225000000235,62.19435273077886
