,name,total_time (us),pct
13,GEMM,18513.213000000047,18.642914177511795
14,NonGEMM,30456.225000000235,30.669597375992602
15,SSM_Scan,50334.84899999995,50.6874884464956
