,name,total_time (us),pct
0,GEMM,18513.213000000047,18.642914177511795
1,SSM_Scan,50334.84899999995,50.6874884464956
2,activation,0.0,0.0
3,logit_computation,0.0,0.0
4,nomralization,18972.651000000125,19.105570940759165
5,arithmetic,3030.059000000069,3.0512872017298327
6,pooling,0.0,0.0
7,interpolation,0.0,0.0
8,embedding,268.6400000000063,0.2705220571192517
9,memory,8184.875000000031,8.24221717638435
10,roi,0.0,0.0
11,other,0.0,0.0
