,name,total_time (us),pct
11,GEMM,785797.9249999989,81.10685098436095
12,NonGEMM,183044.92300000144,18.893149015639054
