,name,total_time (us),pct
11,GEMM,785797.9249999989,35.60485467539773
12,NonGEMM,183044.92300000144,8.293847152223554
13,SSM_Scan,1238153.7320000022,56.10129817237872
