,name,total_time (us),pct
0,GEMM,785797.9249999989,35.60485467539774
1,SSM_Scan,1238153.7320000022,56.10129817237873
2,activation,0.0,0.0
3,logit_computation,0.0,0.0
4,nomralization,174120.60599999945,7.8894823661212605
5,arithmetic,3199.4380000017095,0.1449679636568221
6,pooling,0.0,0.0
7,interpolation,0.0,0.0
8,embedding,2460.393999999518,0.11148155018887779
9,memory,3264.485000000778,0.1479152722565966
10,roi,0.0,0.0
11,other,0.0,0.0
