,name,total_time (us),pct
11,GEMM,35610.329999999885,19.878946321553343
12,NonGEMM,25556.615999999656,14.26660740365355
13,SSM_Scan,117968.95700000056,65.8544462747931
