,name,total_time (us),pct
11,GEMM,35610.329999999885,58.21825729210046
12,NonGEMM,25556.615999999656,41.78174270789953
