,name,total_time (us),pct
0,GEMM,35610.329999999885,19.878946321553343
1,SSM_Scan,117968.95700000056,65.8544462747931
2,activation,0.0,0.0
3,logit_computation,0.0,0.0
4,nomralization,18889.43299999976,10.54474992654027
5,arithmetic,3170.7159999998576,1.770005870905653
6,pooling,0.0,0.0
7,interpolation,0.0,0.0
8,embedding,300.8399999999877,0.16793953359533265
9,memory,3195.627000000051,1.7839120726122943
10,roi,0.0,0.0
11,other,0.0,0.0
