,name,total_time (us),pct
11,GEMM,109548.0319999998,32.43159994226925
12,NonGEMM,40529.11299999952,11.998608782228153
13,SSM_Scan,187704.6239999999,55.5697912755026
