,name,total_time (us),pct
11,GEMM,109548.0319999998,72.99448027212958
12,NonGEMM,40529.11299999952,27.005519727870425
