,name,total_time (us),pct
0,GEMM,109548.0319999998,32.431599942269244
1,SSM_Scan,187704.6239999999,55.56979127550259
2,activation,0.0,0.0
3,logit_computation,0.0,0.0
4,nomralization,33375.20800000032,9.880701406356952
5,arithmetic,3103.5339999996168,0.9187985512621386
6,pooling,0.0,0.0
7,interpolation,0.0,0.0
8,embedding,716.0709999999661,0.21199219902243086
9,memory,3334.299999999615,0.987116625586629
10,roi,0.0,0.0
11,other,0.0,0.0
