,name,total_time (us),pct
11,GEMM,3385372.0550000053,34.0367614135353
12,NonGEMM,758436.2619999542,7.625369878899751
13,SSM_Scan,5802414.279999984,58.33786870756496
