,name,total_time (us),pct
11,GEMM,3385372.0550000053,81.69712004079744
12,NonGEMM,758436.2619999542,18.302879959202553
