,name,total_time (us),pct
0,GEMM,3385372.0550000053,34.036761413535295
1,SSM_Scan,5802414.279999984,58.337868707564944
2,activation,0.0,0.0
3,logit_computation,0.0,0.0
4,nomralization,638090.7419999851,6.415407817159158
5,arithmetic,48837.34599997862,0.4910140058066799
6,pooling,0.0,0.0
7,interpolation,0.0,0.0
8,embedding,25555.31399999894,0.25693486899948453
9,memory,45952.85999999168,0.462013186934428
10,roi,0.0,0.0
11,other,0.0,0.0
