,name,cpu_time (us),cuda_time (us),total_time (us),count
11,aten::matmul,2763.0439999996306,56.7689999997674,2819.812999999398,10.0
18,aten::linear,235000.4370000071,3031599.3679999984,3266599.8050000053,1130.0
24,aten::scaled_dot_product_attention,59137.288999996905,122297.08900000124,181434.37799999813,160.0
0,GEMM,296900.7700000036,3153953.2259999993,3450853.996000003,
0,Inference,4101798.513,4035719.841999988,8137518.354999987,
