,Unnamed: 0,name,cpu_time (us),cuda_time (us),total_time (us),count
27,0,GEMM,296900.7700000036,3153953.226,3450853.996000003,
28,0,NonGEMM,735063.6010000216,881576.5629999887,1616640.16400001,
29,0,SSM_Scan,0.0,0.0,0.0,
