,name,total_time (us),pct
27,GEMM,3450853.996000003,68.09783863668024
28,NonGEMM,1616640.16400001,31.90216136331977
29,SSM_Scan,0.0,0.0
