,name,total_time (us),pct
51,GEMM,2643136.7340000058,31.921123048779904
52,NonGEMM,5637075.494000012,68.0788769512201
