,name,total_time (us),pct
51,GEMM,2643136.7340000058,30.4218563240916
52,NonGEMM,5637075.494000012,64.88135803212883
53,SSM_Scan,408069.9920000138,4.696785643779563
