,name,total_time (us),pct
11,GEMM,343393.93000000005,58.301826997122554
12,NonGEMM,245599.49900000027,41.69817300287744
