,name,total_time (us),pct
11,GEMM,343393.93000000005,19.381667122434585
12,NonGEMM,245599.49900000027,13.862003137489095
13,SSM_Scan,1182752.663999998,66.7563297400763
