,name,total_time (us),pct
0,GEMM,343393.93000000005,19.381667122434585
1,SSM_Scan,1182752.663999998,66.7563297400763
2,activation,0.0,0.0
3,logit_computation,0.0,0.0
4,nomralization,178380.3149999997,10.068051833429378
5,arithmetic,32797.532000001025,1.8511417707978008
6,pooling,0.0,0.0
7,interpolation,0.0,0.0
8,embedding,4046.417999999917,0.2283858853131909
9,memory,30375.233999999633,1.7144236479487276
10,roi,0.0,0.0
11,other,0.0,0.0
