,Unnamed: 0,name,cpu_time (us),cuda_time (us),total_time (us),count
0,2.0,aten::embedding,205.013999999992,56.64100000000335,261.6549999999953,10.0
1,2.0,embedding,205.013999999992,56.64100000000335,261.6549999999953,10.0
