,name,total_time (us),pct
11,GEMM,19658.462000000098,13.133629009194484
12,NonGEMM,24803.798999999737,16.571179072128025
13,SSM_Scan,105218.08999999995,70.29519191867749
