,name,total_time (us),pct
11,GEMM,19658.462000000098,44.21381539728753
12,NonGEMM,24803.798999999737,55.78618460271246
