,name,total_time (us),pct
0,GEMM,19658.462000000098,13.133629009194484
1,SSM_Scan,105218.08999999995,70.29519191867749
2,activation,0.0,0.0
3,logit_computation,0.0,0.0
4,nomralization,18177.705000000053,12.144349527881637
5,arithmetic,3190.74599999975,2.1317066526652884
6,pooling,0.0,0.0
7,interpolation,0.0,0.0
8,embedding,261.6549999999953,0.17480918387210068
9,memory,3173.692999999943,2.1203137077090015
10,roi,0.0,0.0
11,other,0.0,0.0
