,name,cpu_time (us),cuda_time (us),total_time (us),count
6,aten::matmul,22463.12399999933,132639.80499999982,155102.92899999916,240.0
11,aten::linear,1621.644000000044,89820.64400000003,91442.28800000007,10.0
0,GEMM,24084.767999999374,222460.44899999985,246545.21699999925,
0,Inference,852505.013,634076.7939999988,1486581.8069999989,
