,name,total_time (us),pct
13,GEMM,246545.21699999925,19.04170350595932
14,NonGEMM,299390.7459999996,23.12318156940755
15,SSM_Scan,748828.5359999994,57.83511492463313
