,name,total_time (us),pct
13,GEMM,246545.21699999925,45.16009820001541
14,NonGEMM,299390.7459999996,54.83990179998459
