,name,total_time (us),pct
0,GEMM,246545.21699999925,19.04170350595932
1,SSM_Scan,748828.5359999994,57.83511492463313
2,activation,0.0,0.0
3,logit_computation,0.0,0.0
4,nomralization,179302.33000000106,13.848258130222439
5,arithmetic,30725.825999998415,2.3730822109912095
6,pooling,0.0,0.0
7,interpolation,0.0,0.0
8,embedding,3667.115000000076,0.28322640934566445
9,memory,85695.47500000003,6.618614818848238
10,roi,0.0,0.0
11,other,0.0,0.0
