,name,cpu_time (us),cuda_time (us),total_time (us),count
10,mambainnerfn,381462.0460000005,367366.4899999989,748828.5359999994,240.0
0,SSM_Scan,381462.0460000005,367366.4899999989,748828.5359999994,
0,Inference,852505.013,634076.7939999988,1486581.8069999989,
