,name,total_time (us),pct
11,GEMM,904609.575,71.51519315105269
12,NonGEMM,360309.85700000206,28.48480684894732
