,name,total_time (us),pct
11,GEMM,904609.575,27.062634496911812
12,NonGEMM,360309.85700000206,10.779162895358054
13,SSM_Scan,2077732.1309999984,62.15820260773014
