,Unnamed: 0,name,cpu_time (us),cuda_time (us),total_time (us),count
0,3.0,layernormfn,184581.49100000065,98598.60699999952,283180.0980000001,250.0
1,3.0,nomralization,184581.49100000065,98598.60699999952,283180.0980000001,250.0
