,name,total_time (us),pct
0,GEMM,904609.575,27.06263449691181
1,SSM_Scan,2077732.1309999984,62.15820260773013
2,activation,0.0,0.0
3,logit_computation,0.0,0.0
4,nomralization,283180.0980000001,8.471720508788193
5,arithmetic,36028.78300000052,1.077850392748235
6,pooling,0.0,0.0
7,interpolation,0.0,0.0
8,embedding,6818.654999999552,0.20398940396527207
9,memory,34282.32100000181,1.0256025898563512
10,roi,0.0,0.0
11,other,0.0,0.0
