,name,total_time (us),pct
52,GEMM,199103.82600000344,21.232548762578975
53,NonGEMM,738625.4509999926,78.76745123742101
