,name,total_time (us),pct
52,GEMM,199103.82600000344,19.321157621556733
53,NonGEMM,738625.4509999926,71.67666764004845
54,SSM_Scan,92767.08299999755,9.00217473839482
