,name,total_time (us),pct
13,GEMM,475712.0439999993,25.510867294528776
14,NonGEMM,354688.61300000193,19.020780010193597
15,SSM_Scan,1034342.0759999998,55.46835269527763
