,name,total_time (us),pct
13,GEMM,475712.0439999993,57.28705053276452
14,NonGEMM,354688.61300000193,42.712949467235475
