,name,total_time (us),pct
0,GEMM,475712.0439999993,25.510867294528776
1,SSM_Scan,1034342.0759999998,55.46835269527763
2,activation,0.0,0.0
3,logit_computation,0.0,0.0
4,nomralization,223712.4750000002,11.99696188868323
5,arithmetic,33110.72600000177,1.7756189856138054
6,pooling,0.0,0.0
7,interpolation,0.0,0.0
8,embedding,4811.067999999913,0.25800170258660077
9,memory,93054.34400000006,4.990197433309961
10,roi,0.0,0.0
11,other,0.0,0.0
