,name,total_time (us),pct
51,GEMM,19868360.964999944,37.116488847057745
52,NonGEMM,33661381.697000064,62.88351115294225
