,name,total_time (us),pct
51,GEMM,19868360.964999944,36.289189363755185
52,NonGEMM,33661381.697000064,61.48188352325326
53,SSM_Scan,1220339.423999984,2.2289271129915513
