,name,total_time (us),pct
13,GEMM,99314.89400000048,37.017704023313186
14,NonGEMM,45852.84700000034,17.090761017901993
15,SSM_Scan,123122.5179999995,45.89153495878483
