,name,total_time (us),pct
13,GEMM,99314.89400000048,68.41388680147602
14,NonGEMM,45852.84700000034,31.586113198523964
