,name,total_time (us),pct
0,GEMM,99314.89400000048,37.017704023313186
1,SSM_Scan,123122.5179999995,45.89153495878483
2,activation,0.0,0.0
3,logit_computation,0.0,0.0
4,nomralization,33651.549000000385,12.542963402931578
5,arithmetic,3058.6909999998006,1.1400678546438754
6,pooling,0.0,0.0
7,interpolation,0.0,0.0
8,embedding,669.9999999999723,0.24972952894274533
9,memory,8472.607000000186,3.1580002313837925
10,roi,0.0,0.0
11,other,0.0,0.0
