,name,total_time (us),pct
13,GEMM,840621.4109999991,65.6725192924615
14,NonGEMM,439398.6340000004,34.3274807075385
