,name,total_time (us),pct
13,GEMM,840621.4109999991,28.181037718370234
14,NonGEMM,439398.6340000004,14.730423608201889
15,SSM_Scan,1702912.7320000022,57.08853867342788
