,name,total_time (us),pct
0,GEMM,840621.4109999991,28.181037718370234
1,SSM_Scan,1702912.7320000022,57.08853867342788
2,activation,0.0,0.0
3,logit_computation,0.0,0.0
4,nomralization,290698.53500000096,9.74539343432213
5,arithmetic,36902.999999996464,1.2371381710153921
6,pooling,0.0,0.0
7,interpolation,0.0,0.0
8,embedding,7570.52400000058,0.2537946566672017
9,memory,104226.57500000237,3.494097346197162
10,roi,0.0,0.0
11,other,0.0,0.0
