,name,total_time (us),pct
13,GEMM,3301854.8769999985,79.30900605594852
14,NonGEMM,861423.7229999885,20.690993944051478
