,name,total_time (us),pct
13,GEMM,3301854.8769999985,30.092976143804513
14,NonGEMM,861423.7229999885,7.8509821029744575
15,SSM_Scan,6808899.297000004,62.05604175322104
