,name,total_time (us),pct
0,GEMM,3301854.8769999985,30.092976143804513
1,SSM_Scan,6808899.297000004,62.05604175322104
2,activation,0.0,0.0
3,logit_computation,0.0,0.0
4,nomralization,651533.6639999953,5.938052318474871
5,arithmetic,49151.13599999012,0.447961530166486
6,pooling,0.0,0.0
7,interpolation,0.0,0.0
8,embedding,25539.9840000012,0.23277041476865165
9,memory,135198.93900000176,1.232197839564448
10,roi,0.0,0.0
11,other,0.0,0.0
