,name,cpu_time (us),cuda_time (us),total_time (us),count
4,aten::linear,35978.35199999953,124414.55200000042,160392.90399999995,250.0
0,GEMM,35978.35199999953,124414.55200000042,160392.90399999995,
0,Inference,1084282.307,322407.65,1406689.957,
