,name,total_time (us),pct
11,GEMM,160392.90399999995,42.696224437425904
12,NonGEMM,215267.722000002,57.3037755625741
