,name,total_time (us),pct
11,GEMM,160392.90399999995,12.487512470323532
12,NonGEMM,215267.722000002,16.759833483239163
13,SSM_Scan,908765.7509999998,70.7526540464373
