,name,total_time (us),pct
0,GEMM,160392.90399999995,12.48751247032353
1,SSM_Scan,908765.7509999998,70.75265404643729
2,activation,0.0,0.0
3,logit_computation,0.0,0.0
4,nomralization,152516.0060000009,11.87425053946869
5,arithmetic,31013.970000002395,2.4146164042847547
6,pooling,0.0,0.0
7,interpolation,0.0,0.0
8,embedding,3260.0700000002003,0.2538152484546956
9,memory,28477.675999998522,2.217151291031022
10,roi,0.0,0.0
11,other,0.0,0.0
