,name,cpu_time (us),cuda_time (us),total_time (us),count
9,mambasplitconv1dscancombinedfn,731792.4600000002,176973.29099999962,908765.7509999998,240.0
0,SSM_Scan,731792.4600000002,176973.29099999962,908765.7509999998,
0,Inference,1084282.307,322407.65,1406689.957,
