,Unnamed: 0,name,cpu_time (us),cuda_time (us),total_time (us),count
0,5.0,aten::embedding,235.6589999999832,98.7220000001511,334.38100000013435,10.0
1,5.0,embedding,235.6589999999832,98.7220000001511,334.38100000013435,10.0
