,name,cpu_time (us),cuda_time (us),total_time (us),count
14,aten::linear,44837.20099999996,239905.08800000168,284742.2890000016,2250.0
21,aten::matmul,6082.58999999819,404.3849999999624,6486.974999998152,320.0
0,GEMM,50919.79099999815,240309.47300000163,291229.2639999998,
0,Inference,975587.111,564452.6890000056,1540039.8000000056,
