,name,total_time (us),pct
52,GEMM,291229.2639999998,26.21859433351078
53,NonGEMM,819544.4880000106,73.78140566648923
