,name,total_time (us),pct
52,GEMM,291229.2639999998,23.285010693541878
53,NonGEMM,819544.4880000106,65.52604606010186
54,SSM_Scan,139941.85999999856,11.188943246356278
