,name,cpu_time (us),cuda_time (us),total_time (us),count
17,causalconv1dfn,5544.912000000197,2852.0929999992622,8397.004999999459,320.0
44,selectivescanfn,29106.30999999994,102438.54499999915,131544.8549999991,320.0
0,SSM_Scan,34651.22200000014,105290.63799999842,139941.85999999856,
0,Inference,975587.111,564452.6890000056,1540039.8000000056,
