,name,total_time (us),pct
11,GEMM,1565667.6240000003,81.84377427645701
12,NonGEMM,347327.7599999974,18.156225723542978
