,name,total_time (us),pct
11,GEMM,1565667.6240000003,33.76431169231247
12,NonGEMM,347327.7599999974,7.490276076649975
13,SSM_Scan,2724053.4569999943,58.74541223103754
