,name,total_time (us),pct
0,GEMM,1565667.6240000003,33.76431169231247
1,SSM_Scan,2724053.4569999943,58.74541223103754
2,activation,0.0,0.0
3,logit_computation,0.0,0.0
4,nomralization,336055.33199999906,7.247181203455424
5,arithmetic,3236.855999997661,0.06980422486340739
6,pooling,0.0,0.0
7,interpolation,0.0,0.0
8,embedding,4753.201999999432,0.10250489401734209
9,memory,3282.3700000012427,0.07078575431380167
10,roi,0.0,0.0
11,other,0.0,0.0
