,name,cpu_time (us),cuda_time (us),total_time (us),count
28,aten::matmul,267.2030000012592,39.00799999936498,306.2110000006241,10.0
35,aten::linear,32801.16599998914,3321346.521000041,3354147.68700003,1670.0
47,aten::scaled_dot_product_attention,2616.6860000044544,3278052.825,3280669.5110000046,60.0
0,GEMM,35685.054999994856,6599438.354000041,6635123.409000035,
0,Inference,10578401.9,10491062.967000028,21069464.86700003,
