,name,total_time (us),pct
51,GEMM,6635123.409000035,33.21905680167861
52,NonGEMM,13338723.074999928,66.78094319832138
