,name,total_time (us),pct
51,GEMM,6635123.409000035,31.895100791288876
52,NonGEMM,13338723.074999928,64.1193675956557
53,SSM_Scan,829108.3410000114,3.985531613055418
