,name,cpu_time (us),cuda_time (us),total_time (us),count
41,causalconv1dfn,6005.566000002124,129617.27700000684,135622.84300000896,380.0
43,mambachunkscancombinedfn,139571.5350000059,553913.9629999966,693485.4980000025,380.0
0,SSM_Scan,145577.10100000803,683531.2400000035,829108.3410000114,
0,Inference,10578401.9,10491062.967000028,21069464.86700003,
