,name,cpu_time (us),cuda_time (us),total_time (us),count
11,aten::matmul,219.921999999994,13.181000000006804,233.1030000000008,10.0
18,aten::linear,16342.616999999718,177329.77400000012,193672.39099999983,1130.0
24,aten::scaled_dot_product_attention,3821.738000000045,10315.46999999989,14137.207999999937,160.0
0,GEMM,20384.276999999758,187658.42500000002,208042.70199999976,
0,Inference,225456.75800000003,216056.72800000015,441513.4860000002,
