,name,total_time (us),pct
27,GEMM,208042.70199999976,74.67311017892251
28,NonGEMM,70561.87400000003,25.326889821077486
29,SSM_Scan,0.0,0.0
