,name,total_time (us),pct
0,GEMM,208042.70199999976,74.67311017892251
1,SSM_Scan,0.0,0.0
2,activation,2609.116000000063,0.93649430941151
3,logit_computation,0.0,0.0
4,nomralization,32500.652000000293,11.665512629627562
5,arithmetic,18455.351999999195,6.624209934010277
6,pooling,0.0,0.0
7,interpolation,0.0,0.0
8,embedding,338.9170000000486,0.12164803782693392
9,memory,16657.83700000042,5.9790249102012005
10,roi,0.0,0.0
11,other,0.0,0.0
