,name,cpu_time (us),cuda_time (us),total_time (us),count
0,SSM_Scan,0.0,0.0,0.0,
0,Inference,225456.75800000003,216056.72800000015,441513.4860000002,
