,name,total_time (us),pct
11,GEMM,391856.9300000003,34.72300066127698
12,NonGEMM,101470.59399999896,8.991453851695642
13,SSM_Scan,635195.1340000001,56.28554548702738
