,name,total_time (us),pct
11,GEMM,391856.9300000003,79.43139414211984
12,NonGEMM,101470.59399999896,20.56860585788015
