,name,total_time (us),pct
0,GEMM,391856.9300000003,34.72300066127697
1,SSM_Scan,635195.1340000001,56.28554548702736
2,activation,0.0,0.0
3,logit_computation,0.0,0.0
4,nomralization,93452.47499999987,8.280956907468658
5,arithmetic,3218.710999998637,0.28521456589120947
6,pooling,0.0,0.0
7,interpolation,0.0,0.0
8,embedding,1450.2039999999415,0.12850464186248903
9,memory,3349.2040000005168,0.29677773647328204
10,roi,0.0,0.0
11,other,0.0,0.0
