,name,cpu_time (us),cuda_time (us),total_time (us),count
0,GEMM,3949.5879999996414,387907.34200000064,391856.9300000003,
1,SSM_Scan,89431.52999999971,545763.6040000004,635195.1340000001,
2,activation,0.0,0.0,0.0,0.0
3,logit_computation,0.0,0.0,0.0,0.0
4,nomralization,17863.54200000011,75588.93299999977,93452.47499999987,250.0
5,arithmetic,2696.970999999935,521.7399999987024,3218.710999998637,480.0
6,pooling,0.0,0.0,0.0,0.0
7,interpolation,0.0,0.0,0.0,0.0
8,embedding,336.7209999999864,1113.4829999999552,1450.2039999999415,10.0
9,memory,2952.6610000010683,396.5429999994485,3349.2040000005168,480.0
10,roi,0.0,0.0,0.0,0.0
11,other,0.0,0.0,0.0,0.0
