,name,total_time (us),pct
13,GEMM,6998.314000000048,18.464753401591782
14,NonGEMM,30902.6199999999,81.53524659840821
