,name,total_time (us),pct
13,GEMM,6998.314000000048,8.868224327370132
14,NonGEMM,30902.6199999999,39.15962708496247
15,SSM_Scan,41013.55599999979,51.97214858766739
