,name,total_time (us),pct
0,GEMM,6998.314000000048,8.86822432737013
1,SSM_Scan,41013.55599999979,51.97214858766739
2,activation,0.0,0.0
3,logit_computation,0.0,0.0
4,nomralization,19560.29999999999,24.786702670194092
5,arithmetic,3040.921000000025,3.8534380694851276
6,pooling,0.0,0.0
7,interpolation,0.0,0.0
8,embedding,239.260000000006,0.30318893272959974
9,memory,8062.138999999885,10.21629741255365
10,roi,0.0,0.0
11,other,0.0,0.0
