,Unnamed: 0,name,cpu_time (us),cuda_time (us),total_time (us),count
0,49.0,aten::gelu,382.2770000000437,350.9499999998525,733.2269999998962,60.0
1,49.0,activation,382.2770000000437,350.9499999998525,733.2269999998962,60.0
