,name,total_time (us),pct
51,GEMM,128291.80999999864,40.35953905608256
52,NonGEMM,189580.5270000045,59.64046094391744
