,name,total_time (us),pct
51,GEMM,128291.80999999864,27.18474463408655
52,NonGEMM,189580.5270000045,40.171685270406016
53,SSM_Scan,154053.41300000038,32.64357009550744
