,name,cpu_time (us),cuda_time (us),total_time (us),count
20,aten::linear,9364.221999999914,21942.69999999997,31306.92199999989,730.0
24,aten::matmul,4278.621999999972,7953.281000000039,12231.903000000011,240.0
0,GEMM,13642.843999999886,29895.98100000001,43538.8249999999,
0,Inference,74761.20599999999,67383.21900000019,142144.42500000016,
