,name,total_time (us),pct
33,GEMM,43538.8249999999,36.23570160674046
34,NonGEMM,76615.67200000004,63.76429839325953
