,name,total_time (us),pct
0,GEMM,43538.8249999999,36.23570160674047
1,SSM_Scan,0.0,0.0
2,activation,12090.517000000036,10.062475647499106
3,logit_computation,10202.554000000016,8.491196130595114
4,nomralization,3720.365999999976,3.096318567252608
5,arithmetic,13045.808000000028,10.857527870971017
6,pooling,0.0,0.0
7,interpolation,0.0,0.0
8,embedding,444.02700000000254,0.369546717839452
9,memory,36940.48300000002,30.74415350430042
10,roi,0.0,0.0
11,other,171.91699999994748,0.1430799548018145
