,name,total_time (us),pct
51,GEMM,173329.89100000085,42.52092517544908
52,NonGEMM,234304.4450000043,57.479074824550935
