,name,total_time (us),pct
51,GEMM,173329.89100000085,30.191492023139787
52,NonGEMM,234304.4450000043,40.81235349189593
53,SSM_Scan,166467.43700000067,28.996154484964283
