,name,total_time (us),pct
13,GEMM,375196.4590000004,37.5335214047937
14,NonGEMM,107277.72499999704,10.731739841779683
15,SSM_Scan,517156.1329999978,51.73473875342661
