,name,total_time (us),pct
13,GEMM,375196.4590000004,77.7650849397576
14,NonGEMM,107277.72499999704,22.234915060242393
