,name,total_time (us),pct
0,GEMM,375196.4590000004,37.5335214047937
1,SSM_Scan,517156.1329999978,51.73473875342661
2,activation,0.0,0.0
3,logit_computation,0.0,0.0
4,nomralization,94378.96500000042,9.44138682020394
5,arithmetic,3080.366999999257,0.3081506180448578
6,pooling,0.0,0.0
7,interpolation,0.0,0.0
8,embedding,1470.4350000000582,0.14709787958542528
9,memory,8347.957999997321,0.8351045239454618
10,roi,0.0,0.0
11,other,0.0,0.0
