,Unnamed: 0,name,cpu_time (us),cuda_time (us),total_time (us),count
0,2.0,aten::embedding,336.6140000000021,39.07299999999955,375.6870000000016,10.0
1,2.0,embedding,336.6140000000021,39.07299999999955,375.6870000000016,10.0
