,name,total_time (us),pct
13,GEMM,10787.349999999982,25.730259363189568
14,NonGEMM,31137.41200000017,74.26974063681043
