,name,total_time (us),pct
13,GEMM,10787.349999999982,12.480824963283546
14,NonGEMM,31137.41200000017,36.02558450237059
15,SSM_Scan,44506.624000000025,51.49359053434587
