,name,total_time (us),pct
0,GEMM,10787.349999999982,12.480824963283546
1,SSM_Scan,44506.624000000025,51.493590534345856
2,activation,0.0,0.0
3,logit_computation,0.0,0.0
4,nomralization,19147.617999999977,22.153547323653857
5,arithmetic,3117.293000000035,3.6066678370748657
6,pooling,0.0,0.0
7,interpolation,0.0,0.0
8,embedding,375.6870000000016,0.43466501856166095
9,memory,8496.814000000162,9.83070432308021
10,roi,0.0,0.0
11,other,0.0,0.0
