,name,total_time (us),pct
11,GEMM,357294.94199999975,59.58728223423135
12,NonGEMM,242321.1649999987,40.41271776576865
