,name,total_time (us),pct
11,GEMM,357294.94199999975,20.369989699070274
12,NonGEMM,242321.1649999987,13.815139971717496
13,SSM_Scan,1154410.0229999956,65.81487032921223
