,name,total_time (us),pct
0,GEMM,357294.94199999975,20.369989699070278
1,SSM_Scan,1154410.0229999956,65.81487032921224
2,activation,0.0,0.0
3,logit_computation,0.0,0.0
4,nomralization,180029.33800000022,10.263777427306676
5,arithmetic,30637.82099999774,1.7467140583588596
6,pooling,0.0,0.0
7,interpolation,0.0,0.0
8,embedding,4133.431999999904,0.23565395801714303
9,memory,27520.574000000837,1.568994528034821
10,roi,0.0,0.0
11,other,0.0,0.0
