,name,total_time (us),pct
11,GEMM,1769788.6319999949,31.387483801658465
12,NonGEMM,496736.1989999997,8.809695755696284
13,SSM_Scan,3371992.238999997,59.802820442645256
