,name,total_time (us),pct
11,GEMM,1769788.6319999949,78.08379629439847
12,NonGEMM,496736.1989999997,21.916203705601532
