,name,total_time (us),pct
0,GEMM,1769788.6319999949,31.387483801658465
1,SSM_Scan,3371992.238999997,59.802820442645256
2,activation,0.0,0.0
3,logit_computation,0.0,0.0
4,nomralization,401412.9019999973,7.11912187223365
5,arithmetic,42506.158000002804,0.7538534950290195
6,pooling,0.0,0.0
7,interpolation,0.0,0.0
8,embedding,12745.846999999329,0.2260496304571682
9,memory,40071.29200000033,0.7106707579764477
10,roi,0.0,0.0
11,other,0.0,0.0
