,name,total_time (us),pct
11,GEMM,199173.7579999996,76.90141225734482
12,NonGEMM,59825.072000000335,23.098587742655187
