,name,total_time (us),pct
11,GEMM,199173.7579999996,32.592203041905385
12,NonGEMM,59825.072000000335,9.789597350573782
13,SSM_Scan,352109.7769999999,57.61819960752083
