,name,total_time (us),pct
0,GEMM,199173.7579999996,32.59220304190539
1,SSM_Scan,352109.7769999999,57.618199607520836
2,activation,0.0,0.0
3,logit_computation,0.0,0.0
4,nomralization,52392.84500000044,8.573409767079333
5,arithmetic,3205.516999999677,0.5245412948339767
6,pooling,0.0,0.0
7,interpolation,0.0,0.0
8,embedding,872.067000000048,0.14270245747005955
9,memory,3354.6430000001747,0.5489438311904149
10,roi,0.0,0.0
11,other,0.0,0.0
