,name,total_time (us),pct
52,GEMM,153275.97199999655,16.428062737946476
53,NonGEMM,709294.2599999933,76.02189991622085
54,SSM_Scan,70442.83499999785,7.550037345832669
