,name,total_time (us),pct
52,GEMM,153275.97199999655,17.769680231672815
53,NonGEMM,709294.2599999933,82.23031976832718
