,name,total_time (us),pct
0,GEMM,153275.97199999655,16.428062737946473
1,SSM_Scan,70442.83499999785,7.550037345832668
2,activation,3000.2810000010586,0.32156902256987335
3,logit_computation,0.0,0.0
4,nomralization,198718.5009999959,21.29857641104168
5,arithmetic,147138.96,15.770300031607373
6,pooling,0.0,0.0
7,interpolation,0.0,0.0
8,embedding,228.6529999999728,0.024506945088688212
9,memory,265748.124999999,28.482787047611897
10,roi,0.0,0.0
11,other,94459.73999999758,10.124160458301363
