,name,total_time (us),pct
11,GEMM,9580363.556000026,80.64763834835593
12,NonGEMM,2298922.374999999,19.352361651644078
