,name,total_time (us),pct
11,GEMM,9580363.556000026,38.03420283617467
12,NonGEMM,2298922.374999999,9.126760107199646
13,SSM_Scan,13309525.30099997,52.839037056625685
