,name,total_time (us),pct
0,GEMM,9580363.556000026,38.03420283617467
1,SSM_Scan,13309525.30099997,52.839037056625685
2,activation,0.0,0.0
3,logit_computation,0.0,0.0
4,nomralization,1516714.2019999968,6.0213806361498925
5,arithmetic,101036.3149999713,0.4011158528657131
6,pooling,0.0,0.0
7,interpolation,0.0,0.0
8,embedding,447302.9030000042,1.7757999727742144
9,memory,233868.95500002662,0.9284636454098251
10,roi,0.0,0.0
11,other,0.0,0.0
