,name,total_time (us),pct
13,GEMM,759127.045999998,79.911297893112
14,NonGEMM,190835.0569999976,20.088702106887997
