,name,total_time (us),pct
13,GEMM,759127.045999998,38.49906866610709
14,NonGEMM,190835.0569999976,9.678184965291551
15,SSM_Scan,1021844.1570000042,51.82274636860136
