,name,total_time (us),pct
0,GEMM,759127.045999998,38.49906866610709
1,SSM_Scan,1021844.1570000042,51.82274636860137
2,activation,0.0,0.0
3,logit_computation,0.0,0.0
4,nomralization,175862.06699999838,8.918830950460539
5,arithmetic,3170.2420000003667,0.16077857466586842
6,pooling,0.0,0.0
7,interpolation,0.0,0.0
8,embedding,2575.013999999986,0.13059163327739848
9,memory,9227.733999998805,0.467983806887742
10,roi,0.0,0.0
11,other,0.0,0.0
