,name,cpu_time (us),cuda_time (us),total_time (us),count
0,GEMM,3336.133999997481,755790.9120000005,759127.045999998,
1,SSM_Scan,34131.29600000036,987712.861000004,1021844.1570000042,
2,activation,0.0,0.0,0.0,0.0
3,logit_computation,0.0,0.0,0.0,0.0
4,nomralization,19339.62999999981,156522.43699999858,175862.06699999838,250.0
5,arithmetic,2651.679999998887,518.5620000014792,3170.2420000003667,480.0
6,pooling,0.0,0.0,0.0,0.0
7,interpolation,0.0,0.0,0.0,0.0
8,embedding,374.2190000000961,2200.79499999989,2575.013999999986,10.0
9,memory,7468.946999997507,1758.7870000012986,9227.733999998805,1680.0
10,roi,0.0,0.0,0.0,0.0
11,other,0.0,0.0,0.0,0.0
