,name,total_time (us),pct
11,GEMM,490752.996,23.56559166091022
12,NonGEMM,280243.7780000038,13.457096526536262
13,SSM_Scan,1311501.315000002,62.97731181255352
