,name,total_time (us),pct
11,GEMM,490752.996,63.65175738076404
12,NonGEMM,280243.7780000038,36.34824261923597
