,name,total_time (us),pct
0,GEMM,490752.996,23.565591660910215
1,SSM_Scan,1311501.315000002,62.977311812553516
2,activation,0.0,0.0
3,logit_computation,0.0,0.0
4,nomralization,205649.9349999996,9.875156000683322
5,arithmetic,34459.571000001175,1.6547228149701836
6,pooling,0.0,0.0
7,interpolation,0.0,0.0
8,embedding,4237.748999999563,0.2034935360749592
9,memory,35896.52300000345,1.7237241748077947
10,roi,0.0,0.0
11,other,0.0,0.0
