,name,total_time (us),pct
11,GEMM,11951.376000000131,8.644273208852313
12,NonGEMM,25212.290000000125,18.23571804458447
13,SSM_Scan,101094.06500000012,73.12000874656322
