,name,total_time (us),pct
11,GEMM,11951.376000000131,32.158764961454686
12,NonGEMM,25212.290000000125,67.8412350385453
