,name,total_time (us),pct
0,GEMM,11951.376000000131,8.644273208852313
1,SSM_Scan,101094.06500000012,73.12000874656322
2,activation,0.0,0.0
3,logit_computation,0.0,0.0
4,nomralization,18214.89999999997,13.174597809651539
5,arithmetic,3444.85600000001,2.49161907625983
6,pooling,0.0,0.0
7,interpolation,0.0,0.0
8,embedding,331.7850000000238,0.23997573054343185
9,memory,3220.749000000123,2.3295254281296676
10,roi,0.0,0.0
11,other,0.0,0.0
