,name,total_time (us),pct
27,GEMM,193527.49000000005,67.12072514546907
28,NonGEMM,94799.98200000108,32.879274854530934
