,name,total_time (us),pct
0,GEMM,193527.49000000005,67.12072514546907
1,SSM_Scan,0.0,0.0
2,activation,2699.995000000268,0.936433486990188
3,logit_computation,0.0,0.0
4,nomralization,46924.91000000031,16.274866100861914
5,arithmetic,22377.95900000012,7.761299623922077
6,pooling,0.0,0.0
7,interpolation,0.0,0.0
8,embedding,433.21099999997097,0.1502496439187624
9,memory,22363.907000000414,7.75642599883799
10,roi,0.0,0.0
11,other,0.0,0.0
