,name,cpu_time (us),cuda_time (us),total_time (us),count
4,aten::linear,3547.4730000000363,54774.10999999995,58321.582999999984,250.0
0,GEMM,3547.4730000000363,54774.10999999995,58321.582999999984,
0,Inference,147384.27699999994,121986.29499999958,269370.5719999995,
