,name,total_time (us),pct
11,GEMM,58321.582999999984,64.91029611625014
12,NonGEMM,31527.92700000033,35.08970388374986
