,name,total_time (us),pct
11,GEMM,58321.582999999984,24.583502717935527
12,NonGEMM,31527.92700000033,13.289537753037006
13,SSM_Scan,147389.19299999968,62.12695952902748
