,name,total_time (us),pct
0,GEMM,58321.582999999984,24.583502717935524
1,SSM_Scan,147389.19299999968,62.126959529027474
2,activation,0.0,0.0
3,logit_computation,0.0,0.0
4,nomralization,24400.09500000017,10.285039789650243
5,arithmetic,3421.109000000097,1.4420534915840004
6,pooling,0.0,0.0
7,interpolation,0.0,0.0
8,embedding,507.76800000005903,0.21403253077136364
9,memory,3198.955000000009,1.3484119410313962
10,roi,0.0,0.0
11,other,0.0,0.0
