,name,cpu_time (us),cuda_time (us),total_time (us),count
9,mambasplitconv1dscancombinedfn,88281.31200000006,59107.880999999616,147389.19299999968,240.0
0,SSM_Scan,88281.31200000006,59107.880999999616,147389.19299999968,
0,Inference,147384.27699999994,121986.29499999958,269370.5719999995,
