,name,cpu_time (us),cuda_time (us),total_time (us),count
0,GEMM,3547.4730000000363,54774.10999999995,58321.582999999984,
1,SSM_Scan,88281.31200000006,59107.880999999616,147389.19299999968,
2,activation,0.0,0.0,0.0,0.0
3,logit_computation,0.0,0.0,0.0,0.0
4,nomralization,17316.527000000096,7083.56800000007,24400.09500000017,250.0
5,arithmetic,2923.6710000001567,497.43799999993956,3421.109000000097,480.0
6,pooling,0.0,0.0,0.0,0.0
7,interpolation,0.0,0.0,0.0,0.0
8,embedding,338.0080000000266,169.76000000003248,507.76800000005903,10.0
9,memory,2845.4170000000445,353.53799999996426,3198.955000000009,480.0
10,roi,0.0,0.0,0.0,0.0
11,other,0.0,0.0,0.0,0.0
