,name,total_time (us),pct
52,GEMM,3040104.063000008,11.596709377517309
53,NonGEMM,21870563.760000102,83.42693756242736
54,SSM_Scan,1304562.411999978,4.976353060055334
