,name,total_time (us),pct
52,GEMM,3040104.063000008,12.204024735912816
53,NonGEMM,21870563.760000102,87.79597526408718
