,name,total_time (us),pct
0,GEMM,3040104.063000008,11.596709377517309
1,SSM_Scan,1304562.411999978,4.976353060055334
2,activation,122593.98200000536,0.4676441171831842
3,logit_computation,0.0,0.0
4,nomralization,2155554.2530000093,8.22252649958465
5,arithmetic,5647691.017999982,21.54354917875076
6,pooling,0.0,0.0
7,interpolation,0.0,0.0
8,embedding,1415.196000001857,0.005398373339908423
9,memory,12757076.490000088,48.66284360519577
10,roi,0.0,0.0
11,other,1186232.8210000177,4.524975788373096
