,name,total_time (us),pct
51,GEMM,290560.4699999983,42.23858491805335
52,NonGEMM,397342.4759999962,57.761415081946666
