,name,total_time (us),pct
51,GEMM,290560.4699999983,33.519389060009665
52,NonGEMM,397342.4759999962,45.8378837393521
53,SSM_Scan,178940.0310000002,20.64272720063824
