,name,cpu_time (us),cuda_time (us),total_time (us),count
14,aten::linear,399348.266000004,4389953.275000003,4789301.541000007,2250.0
21,aten::matmul,57191.03299999239,2360.7690000189104,59551.802000011296,320.0
0,GEMM,456539.2989999964,4392314.044000022,4848853.343000018,
0,Inference,11690304.216,11417634.423999907,23107938.639999907,
