,name,total_time (us),pct
54,GEMM,4848853.343000018,29.19964909692122
55,NonGEMM,11757008.346999796,70.80035090307877
