,name,total_time (us),pct
54,GEMM,4848853.343000018,24.76682059719603
55,NonGEMM,11757008.346999796,60.05207744842266
56,SSM_Scan,2972159.3319999943,15.181101954381296
