,name,cpu_time (us),cuda_time (us),total_time (us),count
17,causalconv1dfn,46287.40999999997,52763.74599999986,99051.15599999984,320.0
44,selectivescanfn,326667.4510000124,2546440.724999982,2873108.1759999944,320.0
0,SSM_Scan,372954.8610000124,2599204.4709999817,2972159.3319999943,
0,Inference,11690304.216,11417634.423999907,23107938.639999907,
