,name,cpu_time (us),cuda_time (us),total_time (us),count
11,aten::matmul,2194.425999999677,71.1700000001083,2265.5959999997854,10.0
18,aten::linear,539640.5219999925,4276405.973999999,4816046.495999992,1970.0
24,aten::scaled_dot_product_attention,84529.67100000034,109347.88700000044,193877.5580000008,280.0
0,GEMM,626364.6189999925,4385825.0309999995,5012189.649999993,
0,Inference,5293112.213,5651217.606000004,10944329.819000006,
