,name,total_time (us),pct
27,GEMM,5012189.649999993,66.9927708315535
28,NonGEMM,2469497.68400002,33.00722916844651
