,Unnamed: 0,name,cpu_time (us),cuda_time (us),total_time (us),count
27,0,GEMM,626364.6189999925,4385825.031,5012189.649999993,
28,0,NonGEMM,1210125.0640000154,1259372.6200000052,2469497.68400002,
29,0,SSM_Scan,0.0,0.0,0.0,
