,name,total_time (us),pct
0,GEMM,5012189.649999993,66.99277083155349
1,SSM_Scan,0.0,0.0
2,activation,165764.28200000673,2.215600232940801
3,logit_computation,0.0,0.0
4,nomralization,1083080.6730000034,14.476422558825972
5,arithmetic,713683.2659999958,9.539068316270198
6,pooling,0.0,0.0
7,interpolation,0.0,0.0
8,embedding,4998.682999999412,0.06681224136811012
9,memory,501970.7800000149,6.709325819041425
10,roi,0.0,0.0
11,other,0.0,0.0
