,name,total_time (us),pct
52,GEMM,1576543.248999996,15.175716260277023
53,NonGEMM,8130710.893999914,78.26576378412206
54,SSM_Scan,681337.8809999984,6.55851995560091
