,name,total_time (us),pct
52,GEMM,1576543.248999996,16.240877448715736
53,NonGEMM,8130710.893999914,83.75912255128426
