,name,total_time (us),pct
0,GEMM,1576543.248999996,15.175716260277024
1,SSM_Scan,681337.8809999984,6.558519955600911
2,activation,60262.93499999825,0.5800876082223438
3,logit_computation,0.0,0.0
4,nomralization,1033750.1029999902,9.950820097774585
5,arithmetic,1675969.3979999907,16.132786754240968
6,pooling,0.0,0.0
7,interpolation,0.0,0.0
8,embedding,794.2230000003641,0.007645145734528185
9,memory,4809271.803999932,46.29377872275153
10,roi,0.0,0.0
11,other,550662.4310000027,5.30064545539812
