,name,total_time (us),pct
13,GEMM,188305.36299999995,74.28201455953919
14,NonGEMM,65195.25099999829,25.7179854404608
