,name,total_time (us),pct
13,GEMM,188305.36299999995,36.832160554197195
14,NonGEMM,65195.25099999829,12.752063530995253
15,SSM_Scan,257751.94400000124,50.41577591480755
