,name,total_time (us),pct
0,GEMM,188305.36299999995,36.8321605541972
1,SSM_Scan,257751.94400000124,50.41577591480756
2,activation,0.0,0.0
3,logit_computation,0.0,0.0
4,nomralization,52749.655999999246,10.317729500729325
5,arithmetic,3062.382999999985,0.5989961227734314
6,pooling,0.0,0.0
7,interpolation,0.0,0.0
8,embedding,925.7290000000204,0.18107078106786145
9,memory,8457.482999999029,1.6542671264246345
10,roi,0.0,0.0
11,other,0.0,0.0
