,name,total_time (us),pct
13,GEMM,1642286.2230000026,73.13504657906303
14,NonGEMM,603266.7640000128,26.86495342093696
