,name,total_time (us),pct
13,GEMM,1642286.2230000026,28.095912143725144
14,NonGEMM,603266.7640000128,10.3205700463175
15,SSM_Scan,3599732.3149999976,61.58351780995736
