,name,total_time (us),pct
13,GEMM,112862.2050000004,28.457808016394377
14,NonGEMM,283732.6589999997,71.54219198360563
