,name,total_time (us),pct
13,GEMM,112862.2050000004,11.95988094672364
14,NonGEMM,283732.6589999997,30.066830807862743
15,SSM_Scan,547078.4510000002,57.97328824541362
