,name,total_time (us),pct
0,GEMM,112862.2050000004,11.95988094672364
1,SSM_Scan,547078.4510000002,57.97328824541362
2,activation,0.0,0.0
3,logit_computation,0.0,0.0
4,nomralization,161764.68900000074,17.142022183810578
5,arithmetic,30996.295999999085,3.2846426308027024
6,pooling,0.0,0.0
7,interpolation,0.0,0.0
8,embedding,2987.742999999862,0.316607765898293
9,memory,87983.93099999997,9.323558227351162
10,roi,0.0,0.0
11,other,0.0,0.0
