,name,cpu_time (us),cuda_time (us),total_time (us),count
11,aten::matmul,204.30900000000287,13.05600000001226,217.3650000000152,10.0
18,aten::linear,24391.384999999857,73587.11499999995,97978.4999999998,1690.0
24,aten::scaled_dot_product_attention,5794.320000000156,7960.411999999966,13754.732000000122,240.0
0,GEMM,30390.014000000014,81560.58299999993,111950.59699999994,
0,Inference,139849.88799999998,106150.19500000002,246000.083,
