,name,total_time (us),pct
27,GEMM,111950.59699999994,56.374144728340866
28,NonGEMM,86634.40599999984,43.62585527165913
