,name,total_time (us),pct
0,GEMM,111950.59699999994,56.37414472834088
1,SSM_Scan,0.0,0.0
2,activation,2907.0640000001736,1.4638889926648575
3,logit_computation,0.0,0.0
4,nomralization,42139.47700000019,21.219868753130484
5,arithmetic,19926.471999999754,10.034228012676152
6,pooling,0.0,0.0
7,interpolation,0.0,0.0
8,embedding,232.0600000000119,0.11685675982290172
9,memory,21429.332999999715,10.791012753364734
10,roi,0.0,0.0
11,other,0.0,0.0
