,Unnamed: 0,name,cpu_time (us),cuda_time (us),total_time (us),count
0,2.0,aten::embedding,212.027999999996,29.50499999998698,241.53299999998296,10.0
1,2.0,embedding,212.027999999996,29.50499999998698,241.53299999998296,10.0
