,name,total_time (us),pct
11,GEMM,8071.562000000221,24.415358517343986
12,NonGEMM,24987.801000000003,75.58464148265601
