,name,total_time (us),pct
11,GEMM,8071.562000000221,6.253055521671113
12,NonGEMM,24987.801000000003,19.358100330204326
13,SSM_Scan,96022.52299999991,74.38884414812456
