,name,total_time (us),pct
0,GEMM,8071.562000000221,6.253055521671113
1,SSM_Scan,96022.52299999991,74.38884414812456
2,activation,0.0,0.0
3,logit_computation,0.0,0.0
4,nomralization,17575.58899999988,13.61584459650664
5,arithmetic,4057.7940000000735,3.143581276771916
6,pooling,0.0,0.0
7,interpolation,0.0,0.0
8,embedding,241.53299999998296,0.1871161070577964
9,memory,3112.8850000000657,2.4115583498679762
10,roi,0.0,0.0
11,other,0.0,0.0
