,name,total_time (us),pct
51,GEMM,546157.3000000018,33.13425689731182
52,NonGEMM,898232.5200000026,54.493947203854574
53,SSM_Scan,203926.3069999992,12.371795898833595
