,name,total_time (us),pct
51,GEMM,546157.3000000018,37.812319945594744
52,NonGEMM,898232.5200000026,62.18768005440525
