,name,total_time (us),pct
51,GEMM,5020498.557000004,30.748789481730416
52,NonGEMM,8996938.17099999,55.103084815053194
53,SSM_Scan,2310030.6019999865,14.14812570321639
