,name,total_time (us),pct
51,GEMM,5020498.557000004,35.816095727198814
52,NonGEMM,8996938.17099999,64.18390427280119
