,name,total_time (us),pct
52,GEMM,1129028.12600001,32.90768212654203
53,NonGEMM,2301867.193999999,67.09231787345797
