,name,total_time (us),pct
52,GEMM,1129028.12600001,30.38636205465597
53,NonGEMM,2301867.193999999,61.95184012503368
54,SSM_Scan,284679.8579999971,7.661797820310355
