,name,cpu_time (us),cuda_time (us),total_time (us),count
11,aten::matmul,1730.0270000003188,51.3279999998872,1781.355000000206,10.0
18,aten::linear,263131.0140000048,1311363.307999997,1574494.3220000018,1690.0
24,aten::scaled_dot_product_attention,56417.98700000193,63471.89000000245,119889.87700000436,240.0
0,GEMM,321279.02800000703,1374886.5259999994,1696165.5540000063,
0,Inference,2079520.278,2001420.8279999944,4080941.105999994,
