,name,total_time (us),pct
27,GEMM,1696165.5540000063,52.713971928321904
28,NonGEMM,1521511.832000002,47.286028071678096
29,SSM_Scan,0.0,0.0
