,name,total_time (us),pct
0,GEMM,1696165.5540000063,52.71397192832191
1,SSM_Scan,0.0,0.0
2,activation,76905.15299999721,2.390082776309664
3,logit_computation,0.0,0.0
4,nomralization,726842.2760000024,22.589035158169228
5,arithmetic,387791.28699999733,12.05190081166193
6,pooling,0.0,0.0
7,interpolation,0.0,0.0
8,embedding,3492.2769999999696,0.10853409403922015
9,memory,326480.8390000052,10.146475231498066
10,roi,0.0,0.0
11,other,0.0,0.0
