,name,total_time (us),pct
27,GEMM,3064731.471999994,59.303838393559914
28,NonGEMM,2103115.2560000066,40.69616160644009
29,SSM_Scan,0.0,0.0
