,name,total_time (us),pct
0,GEMM,3064731.471999994,59.30383839355991
1,SSM_Scan,0.0,0.0
2,activation,86785.9540000009,1.6793445813666337
3,logit_computation,0.0,0.0
4,nomralization,990955.5500000116,19.175405195957108
5,arithmetic,540399.027000009,10.4569476504027
6,pooling,0.0,0.0
7,interpolation,0.0,0.0
8,embedding,6330.3960000002935,0.12249581563055002
9,memory,478644.3289999848,9.26196836308309
10,roi,0.0,0.0
11,other,0.0,0.0
