,name,total_time (us),pct
13,GEMM,6528328.161999997,31.10862540274229
14,NonGEMM,1265354.2210000162,6.029634155340782
15,SSM_Scan,13191906.268000009,62.861740441916915
