,name,total_time (us),pct
13,GEMM,6528328.161999997,83.76435991592277
14,NonGEMM,1265354.2210000162,16.23564008407724
