,name,total_time (us),pct
0,GEMM,6528328.161999997,31.108625402742295
1,SSM_Scan,13191906.268000009,62.86174044191692
2,activation,0.0,0.0
3,logit_computation,0.0,0.0
4,nomralization,1037807.6939999956,4.94533515956695
5,arithmetic,48012.98599998825,0.228790275071461
6,pooling,0.0,0.0
7,interpolation,0.0,0.0
8,embedding,45871.31900000001,0.21858485726972504
9,memory,133662.22200003228,0.6369238634326463
10,roi,0.0,0.0
11,other,0.0,0.0
