,name,total_time (us),pct
13,GEMM,1498956.216000005,38.736233867721495
14,NonGEMM,354230.2579999974,9.154067323945892
15,SSM_Scan,2016462.344000009,52.10969880833262
