,name,total_time (us),pct
13,GEMM,1498956.216000005,80.8853419248517
14,NonGEMM,354230.2579999974,19.1146580751483
