,name,total_time (us),pct
0,GEMM,1498956.216000005,38.736233867721495
1,SSM_Scan,2016462.344000009,52.1096988083326
2,activation,0.0,0.0
3,logit_computation,0.0,0.0
4,nomralization,338015.03800000105,8.73503136583595
5,arithmetic,3158.196999996716,0.08161456371198557
6,pooling,0.0,0.0
7,interpolation,0.0,0.0
8,embedding,4663.795999999948,0.12052246132274048
9,memory,8393.22699999977,0.21689893307521696
10,roi,0.0,0.0
11,other,0.0,0.0
