,name,total_time (us),pct
13,GEMM,207205.43800000096,16.614163492600213
14,NonGEMM,312001.24499999784,25.016909519164045
15,SSM_Scan,727954.7410000013,58.36892698823575
