,name,total_time (us),pct
13,GEMM,207205.43800000096,39.9080837717186
14,NonGEMM,312001.24499999784,60.09191622828139
