,name,cpu_time (us),cuda_time (us),total_time (us),count
2,aten::embedding,2115.0619999998707,1510.5090000000446,3625.5709999999153,10.0
3,layernormfn,157054.89099999928,25355.477999999915,182410.3689999992,250.0
4,aten::permute,6053.409999999295,0.0,6053.409999999295,480.0
5,aten::reshape,6338.357000000517,0.0,6338.357000000517,480.0
7,aten::to,64695.54200000057,15625.860000000652,80321.40200000122,720.0
8,aten::exp,15290.610999999377,2183.094999999443,17473.70599999882,240.0
9,aten::neg,14024.784999999574,1753.6449999992592,15778.429999998832,240.0
0,NonGEMM,265572.6579999985,46428.586999999316,312001.24499999784,
0,Inference,844904.01,578269.1600000012,1423173.170000001,
