,name,total_time (us),pct
0,GEMM,207205.43800000096,16.614163492600213
1,SSM_Scan,727954.7410000013,58.36892698823575
2,activation,0.0,0.0
3,logit_computation,0.0,0.0
4,nomralization,182410.3689999992,14.626043228226019
5,arithmetic,33252.135999997656,2.6662255069875904
6,pooling,0.0,0.0
7,interpolation,0.0,0.0
8,embedding,3625.5709999999153,0.2907058324793018
9,memory,92713.16900000104,7.433934951471128
10,roi,0.0,0.0
11,other,0.0,0.0
