,name,total_time (us),pct
13,GEMM,52811.187000000034,30.734667457179544
14,NonGEMM,35723.15800000005,20.789901610245643
15,SSM_Scan,83295.03000000004,48.47543093257482
