,name,total_time (us),pct
13,GEMM,52811.187000000034,59.65050851169676
14,NonGEMM,35723.15800000005,40.34949148830322
