,name,total_time (us),pct
0,GEMM,52811.187000000034,30.734667457179548
1,SSM_Scan,83295.03000000004,48.47543093257483
2,activation,0.0,0.0
3,logit_computation,0.0,0.0
4,nomralization,23982.190999999824,13.956979707340384
5,arithmetic,3092.2970000000114,1.7996323387662962
6,pooling,0.0,0.0
7,interpolation,0.0,0.0
8,embedding,406.47600000000887,0.23655792264856268
9,memory,8242.194000000201,4.796731641490401
10,roi,0.0,0.0
11,other,0.0,0.0
