,name,cpu_time (us),cuda_time (us),total_time (us),count
20,aten::linear,208957.28800000047,422615.6739999997,631572.962,730.0
24,aten::matmul,76559.23499999997,136487.41300000096,213046.6480000009,240.0
0,GEMM,285516.52300000045,559103.0870000006,844619.6100000009,
0,Inference,1508684.8859999997,1415752.492999999,2924437.378999999,
