,name,total_time (us),pct
33,GEMM,844619.6100000009,35.35646731055999
34,NonGEMM,1544249.171999994,64.64353268944
