,name,total_time (us),pct
0,GEMM,844619.6100000009,35.35646731055999
1,SSM_Scan,0.0,0.0
2,activation,309294.3020000004,12.947312314954978
3,logit_computation,143272.0729999997,5.997486093817606
4,nomralization,84926.79899999629,3.555105229718577
5,arithmetic,281342.87899999955,11.777242899229286
6,pooling,0.0,0.0
7,interpolation,0.0,0.0
8,embedding,7945.987000000004,0.33262551128268797
9,memory,714395.0189999983,29.905159478952072
10,roi,0.0,0.0
11,other,3072.112999999801,0.12860116148480052
